{"ts": 1770624803.931999, "frame_w": 384, "frame_h": 288, "confidence": 0.8426735110639334, "ellipse": {"cx": 116.53306579589844, "cy": 177.2294464111328, "ew": 95.7543571472168, "eh": 115.79553680419923, "angle": 124.90982818603516}}