{"ts": 1771256995.701368, "frame_w": 512, "frame_h": 384, "confidence": 0.85, "ellipse": {"cx": 165.02407836914062, "cy": 341.6965637207031, "ew": 106.5548095703125, "eh": 172.32008361816406, "angle": 89.48446655273438}}